,,,,,Games,Games,Passing,Passing,Passing,Passing,Passing,Rushing,Rushing,Rushing,Rushing,Receiving,Receiving,Receiving,Receiving,Receiving,Fantasy,Fantasy,Fantasy,Fantasy
Rank,Player,Team,Position,Age,G,GS,Comp,Att,Yds,TD,Int,Att,Yds,Y/A,TD,Tgt,Rec,Yds,Y/R,TD,FantPt,VBD,PosRank,OvRank
1,Todd Gurley,LAR,RB,23,15,15,0,0,0,0,0,279,1305,4.68,13,87,64,788,12.31,6,319,192,1,1
2,Le'Veon Bell,PIT,RB,25,15,15,0,0,0,0,0,321,1291,4.02,9,106,85,655,7.71,2,259,132,2,2
3,Kareem Hunt,KAN,RB,22,16,16,0,0,0,0,0,272,1327,4.88,8,63,53,455,8.58,3,242,115,3,3
4,Alvin Kamara,NOR,RB,22,16,3,0,0,0,0,0,120,728,6.07,8,100,81,826,10.2,5,233,106,4,4
5,DeAndre Hopkins,HOU,WR,25,15,15,0,0,0,0,0,0,0,,0,174,96,1378,14.35,13,216,103,1,5
6,Melvin Gordon,LAC,RB,24,16,16,0,0,0,0,0,284,1105,3.89,8,83,58,476,8.21,4,230,103,5,6
7,Antonio Brown,PIT,WR,29,14,14,0,0,0,0,0,0,0,,0,163,101,1533,15.18,9,211,99,2,7
8,Russell Wilson,SEA,QB,29,16,16,339,553,3983,34,11,95,586,6.17,3,0,0,0,,0,354,99,1,8
9,Mark Ingram,NOR,RB,28,16,13,0,0,0,0,0,230,1124,4.89,12,71,58,416,7.17,0,220,93,6,9
10,LeSean McCoy,BUF,RB,29,16,16,0,0,0,0,0,287,1138,3.97,6,77,59,448,7.59,2,205,78,7,10
11,Rob Gronkowski,NWE,TE,28,14,14,0,0,0,0,0,0,0,,0,105,69,1084,15.71,8,158,77,1,11
12,Travis Kelce,KAN,TE,28,15,15,0,1,0,0,1,2,7,3.5,0,122,83,1038,12.51,8,151,69,2,12
13,Leonard Fournette,JAX,RB,22,13,13,0,0,0,0,0,268,1040,3.88,9,48,36,302,8.39,1,194,67,8,13
14,Keenan Allen,LAC,WR,25,16,15,0,0,0,0,0,2,9,4.5,0,159,102,1393,13.66,6,176,64,3,14
15,Marvin Jones,DET,WR,27,16,16,0,0,0,0,0,0,0,,0,107,61,1101,18.05,9,166,54,4,15
16,Tyreek Hill,KAN,WR,23,15,13,0,1,0,0,1,17,59,3.47,0,105,75,1183,15.77,7,164,52,5,16
17,Julio Jones,ATL,WR,28,16,16,0,0,0,0,0,1,15,15,0,148,88,1444,16.41,3,164,51,6,17
18,Ezekiel Elliott,DAL,RB,22,10,10,0,0,0,0,0,242,983,4.06,7,38,26,269,10.35,2,177,50,9,18
19,Jordan Howard,CHI,RB,23,16,16,0,0,0,0,0,276,1122,4.07,9,32,23,125,5.43,0,177,50,10,19
20,Zach Ertz,PHI,TE,27,14,13,0,0,0,0,0,0,0,,0,110,74,824,11.14,8,130,49,3,20
21,Cam Newton,CAR,QB,28,16,16,291,492,3302,22,16,139,754,5.42,6,0,0,0,,0,303,48,2,21
22,Carlos Hyde,SFO,RB,27,16,16,0,0,0,0,0,240,938,3.91,8,88,59,350,5.93,0,175,48,11,22
23,Alex Smith,KAN,QB,33,15,15,341,505,4042,26,5,60,355,5.92,1,0,0,0,,0,299,44,3,23
24,Brandin Cooks,NWE,WR,24,16,15,0,0,0,0,0,9,40,4.44,0,114,65,1082,16.65,7,156,44,7,24
25,Michael Thomas,NOR,WR,24,16,14,0,0,0,0,0,0,0,,0,149,104,1245,11.97,5,155,42,8,25
26,Tom Brady,NWE,QB,40,16,16,385,581,4577,32,8,25,28,1.12,0,0,0,0,,0,296,41,4,26
27,Larry Fitzgerald,ARI,WR,34,16,16,1,1,21,0,0,0,0,,0,161,109,1156,10.61,6,152,40,9,27
28,A.J. Green,CIN,WR,29,16,16,0,0,0,0,0,0,0,,0,143,75,1078,14.37,8,152,39,10,28
29,Davante Adams,GNB,WR,25,14,14,0,0,0,0,0,0,0,,0,117,74,885,11.96,10,151,38,11,29
30,Dion Lewis,NWE,RB,27,16,8,0,0,0,0,0,180,896,4.98,6,35,32,214,6.69,3,165,38,12,30
31,Devonta Freeman,ATL,RB,25,14,14,0,0,0,0,0,196,865,4.41,7,47,36,317,8.81,1,164,37,13,31
32,Adam Thielen,MIN,WR,27,16,16,0,0,0,0,0,1,11,11,0,142,91,1276,14.02,4,149,36,12,32
33,Doug Baldwin,SEA,WR,29,16,16,0,0,0,0,0,2,-8,-4,0,116,75,991,13.21,8,148,36,13,33
34,Jarvis Landry,MIA,WR,25,16,16,0,1,0,0,0,1,-7,-7,0,161,112,987,8.81,9,148,35,14,34
35,Jimmy Graham,SEA,TE,31,16,13,0,0,0,0,0,0,0,,0,96,57,520,9.12,10,116,34,4,35
36,Lamar Miller,HOU,RB,26,16,13,0,0,0,0,0,238,888,3.73,3,45,36,327,9.08,3,158,30,14,36
37,Carson Wentz,PHI,QB,25,13,13,265,440,3296,33,7,64,299,4.67,0,0,0,0,,0,284,28,5,37
38,Alshon Jeffery,PHI,WR,27,16,16,0,0,0,0,0,0,0,,0,120,57,789,13.84,9,141,28,15,38
39,Evan Engram,NYG,TE,23,15,11,0,0,0,0,0,1,14,14,0,115,64,722,11.28,6,110,28,5,39
40,Robby Anderson,NYJ,WR,24,16,15,0,0,0,0,0,3,9,3,0,114,63,941,14.94,7,139,26,16,40
41,Matthew Stafford,DET,QB,29,16,16,371,565,4446,29,10,29,98,3.38,0,0,0,0,,0,278,22,6,41
42,Kirk Cousins,WAS,QB,29,16,16,347,540,4093,27,13,49,179,3.65,4,0,0,0,,0,278,22,7,42
43,Stefon Diggs,MIN,WR,24,14,14,0,0,0,0,0,8,13,1.63,0,95,64,849,13.27,8,134,22,17,43
44,Christian McCaffrey,CAR,RB,21,16,10,0,0,0,0,0,117,435,3.72,2,113,80,651,8.14,5,149,22,15,44
45,Mike Evans,TAM,WR,24,15,15,0,0,0,0,0,0,0,,0,136,71,1001,14.1,5,134,22,18,45
46,Devin Funchess,CAR,WR,23,16,16,0,0,0,0,0,0,0,,0,111,63,840,13.33,8,134,21,19,46
47,JuJu Smith-Schuster,PIT,WR,21,14,7,0,0,0,0,0,0,0,,0,79,58,917,15.81,7,134,21,20,47
48,Alex Collins,BAL,RB,23,15,12,0,0,0,0,0,212,973,4.59,6,36,23,187,8.13,0,148,21,16,48
49,C.J. Anderson,DEN,RB,26,16,16,0,0,0,0,0,245,1007,4.11,3,40,28,224,8,1,147,20,17,49
50,Golden Tate,DET,WR,29,16,12,0,0,0,0,0,5,22,4.4,0,120,92,1003,10.9,5,133,20,21,50
51,Kyle Rudolph,MIN,TE,28,16,16,0,0,0,0,0,0,0,,0,81,57,532,9.33,8,101,19,6,51
52,Delanie Walker,TEN,TE,33,16,11,0,0,0,0,0,2,-2,-1,1,111,74,807,10.91,3,101,19,7,52
53,Frank Gore,IND,RB,34,16,16,0,0,0,0,0,261,961,3.68,3,38,29,245,8.45,1,145,18,18,53
54,Philip Rivers,LAC,QB,36,16,16,360,575,4515,28,10,18,-2,-0.11,0,0,0,0,,0,272,17,8,54
55,Marshawn Lynch,OAK,RB,31,15,15,0,0,0,0,0,207,891,4.3,7,31,20,151,7.55,0,144,17,19,55
56,Latavius Murray,MIN,RB,27,16,11,0,0,0,0,0,216,842,3.9,8,17,15,103,6.87,0,143,15,20,56
57,Duke Johnson,CLE,RB,24,16,0,0,0,0,0,0,82,348,4.24,4,93,74,693,9.36,3,142,15,21,57
58,Demaryius Thomas,DEN,WR,30,16,16,0,0,0,0,0,0,0,,0,140,83,949,11.43,5,127,14,22,58
59,Tevin Coleman,ATL,RB,24,15,3,0,0,0,0,0,156,628,4.03,5,39,27,299,11.07,3,141,14,22,59
60,Cameron Brate,TAM,TE,26,16,6,0,0,0,0,0,0,0,,0,77,48,591,12.31,6,95,13,8,60
61,Nelson Agholor,PHI,WR,24,16,10,0,0,0,0,0,1,7,7,0,95,62,768,12.39,8,126,13,23,61
62,Dak Prescott,DAL,QB,24,16,16,308,490,3324,22,13,57,357,6.26,6,0,0,0,,0,267,11,9,62
63,Jack Doyle,IND,TE,27,15,15,0,0,0,0,0,0,0,,0,108,80,690,8.63,4,91,9,9,63
64,Ben Roethlisberger,PIT,QB,35,15,15,360,561,4251,28,14,28,47,1.68,0,0,0,0,,0,263,7,10,64
65,Drew Brees,NOR,QB,38,16,16,386,536,4334,23,8,33,12,0.36,2,0,0,0,,0,263,7,11,65
66,T.Y. Hilton,IND,WR,28,16,16,0,0,0,0,0,0,0,,0,109,57,966,16.95,4,119,6,24,66
67,DeMarco Murray,TEN,RB,29,15,15,0,0,0,0,0,184,659,3.58,6,47,39,266,6.82,1,133,5,23,67
68,Dez Bryant,DAL,WR,29,16,16,0,0,0,0,0,1,-4,-4,0,132,69,838,12.14,6,117,5,25,68
69,Kenny Stills,MIA,WR,25,16,16,0,0,0,0,0,0,0,,0,105,58,847,14.6,6,117,4,26,69
70,Cooper Kupp,LAR,WR,24,15,6,0,1,0,0,0,0,0,,0,94,62,869,14.02,5,115,2,27,70
71,Jason Witten,DAL,TE,35,16,16,0,0,0,0,0,0,0,,0,87,63,560,8.89,5,84,2,10,71
72,Michael Crabtree,OAK,WR,30,14,14,0,0,0,0,0,0,0,,0,101,58,618,10.66,8,114,1,28,72
73,Tyler Kroft,CIN,TE,25,16,16,0,0,0,0,0,0,0,,0,62,42,404,9.62,7,82,1,11,73
74,Jermaine Kearse,NYJ,WR,27,16,14,0,0,0,0,0,0,0,,0,102,65,810,12.46,5,113,,29,74
75,Jared Goff,LAR,QB,23,15,15,296,477,3804,28,7,28,51,1.82,1,0,0,0,,0,255,,12,75
76,Hunter Henry,LAC,TE,23,14,13,0,0,0,0,0,0,0,,0,62,45,579,12.87,4,82,,12,76
77,Alex Armah,CAR,,23,9,0,0,0,0,0,0,0,0,,0,0,0,0,,0,,,1,77
78,Shane Smith,NYG,,24,11,4,0,0,0,0,0,0,0,,0,0,0,0,,0,,,2,78
79,Blake Bortles,JAX,QB,25,16,16,315,523,3687,21,13,57,322,5.65,2,0,0,0,,0,252,,13,
80,Case Keenum,MIN,QB,29,15,14,325,481,3547,22,7,40,160,4,1,0,0,0,,0,240,,14,
81,Matt Ryan,ATL,QB,32,16,16,342,529,4095,20,12,32,143,4.47,0,0,0,0,,0,230,,15,
82,Tyrod Taylor,BUF,QB,28,15,14,263,420,2799,14,4,84,427,5.08,4,0,0,0,,0,223,,16,
83,Marcus Mariota,TEN,QB,24,15,15,281,453,3232,13,15,60,312,5.2,5,0,0,0,,0,214,,17,
84,Andy Dalton,CIN,QB,30,16,16,297,496,3320,25,12,38,99,2.61,0,0,0,0,,0,211,,18,
85,Jacoby Brissett,IND,QB,24,16,15,276,469,3098,13,7,63,260,4.13,4,0,0,0,,0,208,,19,
86,Josh McCown,NYJ,QB,38,13,13,267,397,2926,18,9,37,124,3.35,5,0,0,0,,0,207,,20,
87,Derek Carr,OAK,QB,26,15,15,323,515,3496,22,13,23,66,2.87,0,0,0,0,,0,206,,21,
88,Jameis Winston,TAM,QB,23,13,13,282,442,3504,19,11,33,135,4.09,1,0,0,0,,0,204,,22,
89,Eli Manning,NYG,QB,36,15,15,352,571,3468,19,13,12,26,2.17,1,0,0,0,,0,195,,23,
90,Joe Flacco,BAL,QB,32,16,16,352,549,3141,18,13,25,54,2.16,1,0,0,0,,0,185,,24,
91,DeShone Kizer,CLE,QB,21,15,15,255,476,2894,11,22,77,419,5.44,5,0,0,0,,0,176,,25,
92,Deshaun Watson,HOU,QB,22,7,6,126,204,1699,19,8,36,269,7.47,2,0,0,0,,0,173,,26,
93,Jay Cutler,MIA,QB,34,14,14,266,429,2666,19,14,19,32,1.68,0,0,0,0,,0,158,,27,
94,Mitch Trubisky,CHI,QB,23,12,12,196,330,2193,7,7,41,248,6.05,2,0,0,0,,0,137,,28,
95,Aaron Rodgers,GNB,QB,34,7,7,154,238,1675,16,6,24,126,5.25,0,0,0,0,,0,134,,29,
96,Trevor Siemian,DEN,QB,26,11,10,206,349,2285,12,14,31,127,4.1,1,0,0,0,,0,130,,30,
97,Jerick McKinnon,MIN,RB,25,16,1,0,0,0,0,0,150,570,3.8,3,68,51,421,8.25,2,127,,24,
98,Derrick Henry,TEN,RB,23,16,2,0,0,0,0,0,176,744,4.23,5,17,11,136,12.36,1,124,,25,
99,Brett Hundley,GNB,QB,24,11,9,192,316,1836,9,12,36,270,7.5,2,1,1,10,10,0,123,,31,
100,Bilal Powell,NYJ,RB,29,15,10,0,0,0,0,0,178,772,4.34,5,33,23,170,7.39,0,122,,26,
101,Javorius Allen,BAL,RB,26,16,0,0,0,0,0,0,153,591,3.86,4,60,46,250,5.43,2,120,,27,
102,Orleans Darkwa,NYG,RB,25,15,11,0,0,0,0,0,171,751,4.39,5,28,19,116,6.11,0,119,,28,
103,Jamaal Williams,GNB,RB,22,16,7,0,0,0,0,0,153,556,3.63,4,34,25,262,10.48,2,118,,29,
104,Isaiah Crowell,CLE,RB,24,16,16,0,0,0,0,0,206,853,4.14,2,42,28,182,6.5,0,116,,30,
105,Marquise Goodwin,SFO,WR,27,16,16,0,0,0,0,0,4,44,11,0,105,56,962,17.18,2,113,,30,
106,Chris Thompson,WAS,RB,27,10,1,0,0,0,0,0,64,294,4.59,2,54,39,510,13.08,4,112,,31,
107,Jay Ajayi,2TM,RB,24,14,8,0,0,0,0,0,208,873,4.2,1,34,24,158,6.58,1,111,,33,
108,Joe Mixon,CIN,RB,21,14,7,0,0,0,0,0,178,626,3.52,4,34,30,287,9.57,0,111,,32,
109,Amari Cooper,OAK,WR,23,14,12,0,0,0,0,0,1,4,4,0,96,48,680,14.17,7,110,,31,
110,Kenyan Drake,MIA,RB,23,16,6,0,0,0,0,0,133,644,4.84,3,48,32,239,7.47,1,110,,34,
111,Giovani Bernard,CIN,RB,26,16,2,0,0,0,0,0,105,458,4.36,2,60,43,389,9.05,2,109,,36,
112,Jonathan Stewart,CAR,RB,30,15,10,0,0,0,0,0,198,680,3.43,6,15,8,52,6.5,1,109,,35,
113,Paul Richardson,SEA,WR,25,16,13,0,0,0,0,0,0,0,,0,80,44,703,15.98,6,108,,32,
114,Ted Ginn,NOR,WR,32,15,10,0,0,0,0,0,10,39,3.9,0,70,53,787,14.85,4,107,,36,
115,Mohamed Sanu,ATL,WR,28,15,15,1,1,51,1,0,4,10,2.5,0,96,67,703,10.49,5,107,,33,
116,Sammy Watkins,LAR,WR,24,15,14,0,0,0,0,0,0,0,,0,70,39,593,15.21,8,107,,35,
117,Robert Woods,LAR,WR,25,12,11,0,0,0,0,0,2,12,6,0,85,56,781,13.95,5,107,,34,
118,Rishard Matthews,TEN,WR,28,14,11,0,0,0,0,0,1,-3,-3,0,87,53,795,15,4,105,,37,
119,Carson Palmer,ARI,QB,38,7,7,164,267,1978,9,7,14,12,0.86,0,0,0,0,,0,104,,32,
120,Theo Riddick,DET,RB,26,16,5,0,0,0,0,0,84,286,3.4,3,71,53,444,8.38,2,101,,37,
121,LeGarrette Blount,PHI,RB,31,16,11,0,0,0,0,0,173,766,4.43,2,8,8,50,6.25,1,100,,39,
122,Rex Burkhead,NWE,RB,27,10,3,0,0,0,0,0,64,264,4.13,5,36,30,254,8.47,3,100,,38,
123,Ameer Abdullah,DET,RB,24,14,11,0,0,0,0,0,165,552,3.35,4,35,25,162,6.48,1,99,,40,
124,Mike Wallace,BAL,WR,31,15,14,0,0,0,0,0,1,4,4,0,92,52,748,14.38,4,99,,38,
125,Tyrell Williams,LAC,WR,25,16,15,0,0,0,0,0,0,0,,0,69,43,728,16.93,4,95,,39,
126,Jamison Crowder,WAS,WR,24,15,6,0,0,0,0,0,7,34,4.86,0,103,66,789,11.95,3,94,,40,
127,Randall Cobb,GNB,WR,27,15,14,1,1,10,0,0,9,17,1.89,0,92,66,653,9.89,4,93,,41,
128,DeSean Jackson,TAM,WR,31,14,13,0,0,0,0,0,3,38,12.67,0,90,50,668,13.36,3,93,,42,
129,Marqise Lee,JAX,WR,26,14,14,0,1,0,0,0,1,17,17,0,96,56,702,12.54,3,92,,43,
130,Tarik Cohen,CHI,WR,22,16,4,1,2,21,1,0,87,370,4.25,2,71,53,353,6.66,1,91,,44,
131,Keelan Cole,JAX,WR,24,16,6,0,0,0,0,0,0,0,,0,83,42,748,17.81,3,91,,45,
132,Travis Benjamin,LAC,WR,28,16,3,0,0,0,0,0,13,96,7.38,0,62,34,567,16.68,4,90,,46,
133,C.J. Beathard,SFO,QB,24,7,5,123,224,1430,4,6,26,136,5.23,3,0,0,0,,0,89,,33,
134,Kelvin Benjamin,2TM,WR,26,14,14,0,0,0,0,0,0,0,,0,78,48,692,14.42,3,87,,47,
135,Will Fuller,HOU,WR,23,10,10,0,0,0,0,0,2,9,4.5,0,50,28,423,15.11,7,87,,48,
136,Jimmy Garoppolo,SFO,QB,26,6,5,120,178,1560,7,5,15,11,0.73,1,1,1,-6,-6,0,87,,34,
137,Samaje Perine,WAS,RB,22,16,8,0,0,0,0,0,175,603,3.45,1,24,22,182,8.27,1,87,,41,
138,Jordy Nelson,GNB,WR,32,15,15,0,0,0,0,0,0,0,,0,88,53,482,9.09,6,86,,49,
139,Sterling Shepard,NYG,WR,24,11,10,0,0,0,0,0,4,4,1,0,84,59,731,12.39,2,86,,50,
140,Josh Doctson,WAS,WR,25,16,14,0,0,0,0,0,1,-14,-14,0,78,35,502,14.34,6,85,,51,
141,Corey Clement,PHI,RB,23,16,0,0,0,0,0,0,74,321,4.34,4,15,10,123,12.3,2,84,,42,
142,Matt Breida,SFO,RB,22,16,0,0,0,0,0,0,105,465,4.43,2,36,21,180,8.57,1,83,,44,
143,Martavis Bryant,PIT,WR,26,15,8,0,0,0,0,0,6,22,3.67,0,84,50,603,12.06,3,83,,52,
144,Matt Forte,NYJ,RB,32,12,4,0,0,0,0,0,103,381,3.7,2,45,37,293,7.92,1,83,,43,
145,Marlon Mack,IND,RB,21,14,0,0,0,0,0,0,93,358,3.85,3,33,21,225,10.71,1,82,,45,
146,Ryan Grant,WAS,WR,27,16,7,0,0,0,0,0,0,0,,0,65,45,573,12.73,4,81,,53,
147,Austin Ekeler,LAC,RB,22,16,0,0,0,0,0,0,47,260,5.53,2,35,27,279,10.33,3,80,,46,
148,Ryan Fitzpatrick,TAM,QB,35,6,3,96,163,1103,7,3,16,76,4.75,0,0,0,0,,0,80,,35,
149,Jared Cook,OAK,TE,30,16,16,0,0,0,0,0,0,0,,0,86,54,688,12.74,2,79,,14,
150,Vernon Davis,WAS,TE,33,16,16,0,0,0,0,0,0,0,,0,69,43,648,15.07,3,79,,15,
151,Eric Ebron,DET,TE,24,16,9,0,0,0,0,0,0,0,,0,86,53,574,10.83,4,79,,13,
152,Danny Amendola,NWE,WR,32,15,8,0,0,0,0,0,0,0,,0,86,61,659,10.8,2,78,,54,
153,Ben Watson,BAL,TE,37,16,12,0,0,0,0,0,0,0,,0,79,61,522,8.56,4,78,,16,
154,James White,NWE,RB,25,14,4,0,0,0,0,0,43,171,3.98,0,72,56,429,7.66,3,78,,47,
155,Chris Hogan,NWE,WR,29,9,7,0,0,0,0,0,3,17,5.67,0,59,34,439,12.91,5,76,,55,
156,O.J. Howard,TAM,TE,23,14,14,0,0,0,0,0,0,0,,0,39,26,432,16.62,6,75,,17,
157,DeVante Parker,MIA,WR,24,13,12,0,0,0,0,0,0,0,,0,96,57,670,11.75,1,75,,56,
158,Albert Wilson,KAN,WR,25,13,7,0,0,0,0,0,3,6,2,0,62,42,554,13.19,3,74,,57,
159,Brandon LaFell,CIN,WR,31,16,15,0,0,0,0,0,0,0,,0,89,52,548,10.54,3,73,,59,
160,Tyler Lockett,SEA,WR,25,16,8,0,0,0,0,0,10,58,5.8,0,71,45,555,12.33,2,73,,58,
161,Rod Smith,DAL,RB,25,15,1,0,0,0,0,0,55,232,4.22,4,23,19,202,10.63,1,73,,48,
162,Jaron Brown,ARI,WR,27,16,8,0,0,0,0,0,0,0,,0,69,31,477,15.39,4,72,,60,
163,Wayne Gallman,NYG,RB,23,13,1,0,0,0,0,0,111,476,4.29,0,48,34,193,5.68,1,71,,50,
164,Austin Hooper,ATL,TE,23,16,8,0,0,0,0,0,0,0,,0,65,49,526,10.73,3,71,,18,
165,Aaron Jones,GNB,RB,23,12,4,0,0,0,0,0,81,448,5.53,4,18,9,22,2.44,0,71,,49,
166,Peyton Barber,TAM,RB,23,16,4,0,0,0,0,0,108,423,3.92,3,19,16,114,7.13,0,70,,51,
167,Kenny Golladay,DET,WR,24,11,5,0,0,0,0,0,1,9,9,0,48,28,477,17.04,3,69,,62,
168,Ty Montgomery,GNB,RB,24,8,5,0,0,0,0,0,71,273,3.85,3,31,23,173,7.52,1,69,,52,
169,Kendall Wright,CHI,WR,28,16,4,0,0,0,0,0,0,0,,0,91,59,614,10.41,1,69,,61,
170,Charles Clay,BUF,TE,28,13,13,0,0,0,0,0,0,0,,0,74,49,558,11.39,2,68,,19,
171,Mike Gillislee,NWE,RB,27,9,2,0,0,0,0,0,104,383,3.68,5,1,1,15,15,0,68,,54,
172,Adam Humphries,TAM,WR,24,16,3,0,0,0,0,0,1,6,6,0,83,61,631,10.34,1,68,,63,
173,Brock Osweiler,DEN,QB,27,6,4,96,172,1088,5,5,14,64,4.57,1,0,0,0,,0,68,,36,
174,Adrian Peterson,2TM,RB,32,10,7,0,0,0,0,0,156,529,3.39,2,19,11,70,6.36,0,68,,53,
175,Emmanuel Sanders,DEN,WR,30,12,11,0,0,0,0,0,0,0,,0,92,47,555,11.81,2,68,,64,
176,Doug Martin,TAM,RB,28,11,8,0,0,0,0,0,138,406,2.94,3,18,9,84,9.33,0,67,,55,
177,Deonte Thompson,2TM,WR,28,16,10,0,0,0,0,0,2,-5,-2.5,0,69,38,555,14.61,2,67,,65,
178,Brian Hoyer,2TM,QB,32,11,6,123,211,1287,4,4,9,4,0.44,1,0,0,0,,0,66,,37,
179,J.D. McKissic,SEA,RB,24,13,1,0,0,0,0,0,46,187,4.07,1,46,34,266,7.82,2,65,,56,
180,Alfred Morris,DAL,RB,29,14,5,0,0,0,0,0,115,547,4.76,1,9,7,45,6.43,0,65,,57,
181,JJ Nelson,ARI,WR,25,16,5,0,0,0,0,0,3,37,12.33,0,61,29,508,17.52,2,65,,66,
182,Chris Ivory,JAX,RB,29,14,3,0,0,0,0,0,112,382,3.41,1,28,21,175,8.33,1,64,,58,
183,George Kittle,SFO,TE,24,15,7,0,0,0,0,0,0,0,,0,63,43,515,11.98,2,64,,21,
184,Marcedes Lewis,JAX,TE,33,16,16,0,0,0,0,0,0,0,,0,48,24,318,13.25,5,64,,20,
185,David Njoku,CLE,TE,21,16,5,0,0,0,0,0,1,1,1,0,60,32,386,12.06,4,63,,22,
186,Eric Decker,TEN,WR,30,16,8,0,1,0,0,0,0,0,,0,83,54,563,10.43,1,62,,68,
187,Blaine Gabbert,ARI,QB,28,5,5,95,171,1086,6,6,23,82,3.57,0,0,0,0,,0,62,,38,
188,Allen Hurns,JAX,WR,26,10,8,0,0,0,0,0,0,0,,0,56,39,484,12.41,2,62,,67,
189,Jeremy Maclin,BAL,WR,29,12,12,0,0,0,0,0,0,0,,0,72,40,440,11,3,62,,70,
190,Terrance Williams,DAL,WR,28,16,14,0,0,0,0,0,2,15,7.5,0,78,53,568,10.72,0,62,,69,
191,Devontae Booker,DEN,RB,25,13,0,0,0,0,0,0,79,299,3.78,1,38,30,275,9.17,0,61,,59,
192,Chris Godwin,TAM,WR,21,16,2,0,0,0,0,0,0,0,,0,55,34,525,15.44,1,59,,71,
193,Elijah McGuire,NYJ,RB,23,16,2,0,0,0,0,0,88,315,3.58,1,26,17,177,10.41,1,59,,60,
194,Jalen Richard,OAK,RB,24,16,1,0,0,0,0,0,56,275,4.91,1,36,27,256,9.48,1,59,,61,
195,Garrett Celek,SFO,TE,29,16,13,0,0,0,0,0,0,0,,0,33,21,336,16,4,58,,23,
196,Kerwynn Williams,ARI,RB,26,16,6,0,0,0,0,0,120,426,3.55,1,15,10,93,9.3,0,58,,62,
197,T.J. Yeldon,JAX,RB,24,10,0,0,0,0,0,0,49,253,5.16,2,41,30,224,7.47,0,58,,63,
198,Trey Burton,PHI,TE,26,15,1,0,0,0,0,0,0,0,,0,31,23,248,10.78,5,57,,25,
199,Julius Thomas,MIA,TE,29,14,13,0,0,0,0,0,0,0,,0,62,41,388,9.46,3,57,,24,
200,Cole Beasley,DAL,WR,28,15,4,0,0,0,0,0,0,0,,0,63,36,314,8.72,4,55,,72,
201,Jesse James,PIT,TE,23,16,14,0,0,0,0,0,0,0,,0,63,43,372,8.65,3,55,,26,
202,Cordarrelle Patterson,OAK,WR,26,16,2,0,0,0,0,0,13,121,9.31,2,42,31,309,9.97,0,55,,74,
203,Torrey Smith,PHI,WR,28,16,14,0,0,0,0,0,1,-3,-3,0,67,36,430,11.94,2,55,,75,
204,Trent Taylor,SFO,WR,23,15,1,0,0,0,0,0,0,0,,0,60,43,430,10,2,55,,73,
205,Dalvin Cook,MIN,RB,22,4,4,0,0,0,0,0,74,354,4.78,2,16,11,90,8.18,0,54,,64,
206,Roger Lewis,NYG,WR,24,15,8,0,0,0,0,0,0,0,,0,72,36,416,11.56,2,54,,76,
207,Odell Beckham,NYG,WR,25,4,2,0,0,0,0,0,1,8,8,0,41,25,302,12.08,3,53,,78,
208,Bennie Fowler,DEN,WR,26,16,4,0,0,0,0,0,0,0,,0,56,29,350,12.07,3,53,,77,
209,Brice Butler,DAL,WR,27,13,0,0,0,0,0,0,0,0,,0,23,15,317,21.13,3,52,,79,
210,Ed Dickson,CAR,TE,30,16,12,0,0,0,0,0,0,0,,0,48,30,437,14.57,1,52,,27,
211,Antonio Gates,LAC,TE,37,16,4,0,0,0,0,0,0,0,,0,52,30,316,10.53,3,52,,29,
212,Austin Seferian-Jenkins,NYJ,TE,25,13,10,0,0,0,0,0,0,0,,0,74,50,357,7.14,3,52,,28,
213,John Brown,ARI,WR,27,10,5,0,0,0,0,0,1,10,10,0,55,21,299,14.24,3,51,,81,
214,D'Onta Foreman,HOU,RB,21,10,1,0,0,0,0,0,78,327,4.19,2,8,6,83,13.83,0,51,,65,
215,Donte Moncrief,IND,WR,24,12,8,0,0,0,0,0,0,0,,0,47,26,391,15.04,2,51,,80,
216,Tom Savage,HOU,QB,27,8,7,125,223,1412,5,6,4,2,0.5,0,0,0,0,,0,51,,39,
217,DeAndre Washington,OAK,RB,24,15,0,0,0,0,0,0,57,153,2.68,2,45,34,197,5.79,1,51,,66,
218,Brandon Coleman,NOR,WR,25,16,6,0,0,0,0,0,0,0,,0,37,23,364,15.83,3,50,,82,
219,Pierre Garcon,SFO,WR,31,8,8,0,0,0,0,0,0,0,,0,67,40,500,12.5,0,50,,83,
220,Drew Stanton,ARI,QB,33,5,4,79,159,894,6,5,9,7,0.78,0,0,0,0,,0,50,,40,
221,Bruce Ellington,HOU,WR,26,11,6,0,0,0,0,0,3,17,5.67,0,57,29,330,11.38,2,49,,84,
222,Taylor Gabriel,ATL,WR,26,16,4,0,0,0,0,0,8,49,6.13,0,51,33,378,11.45,1,49,,85,
223,Andre Ellington,2TM,RB,28,12,2,0,0,0,0,0,20,55,2.75,1,59,39,369,9.46,0,48,,67,
224,T.J. Jones,DET,WR,25,14,6,0,0,0,0,0,0,0,,0,49,30,399,13.3,1,48,,86,
225,Seth Roberts,OAK,WR,26,15,7,0,0,0,0,0,0,0,,0,65,43,455,10.58,1,48,,87,
226,Charcandrick West,KAN,RB,26,13,0,0,0,0,0,0,18,72,4,2,34,27,150,5.56,2,46,,68,
227,Jamaal Charles,DEN,RB,31,14,0,0,0,0,0,0,69,296,4.29,1,28,23,129,5.61,0,45,,69,
228,Josh Bellamy,CHI,WR,28,15,7,0,0,0,0,0,1,6,6,0,46,24,376,15.67,1,44,,88,
229,Seth Devalve,CLE,TE,24,16,4,0,0,0,0,0,0,0,,0,58,33,395,11.97,1,44,,31,
230,Jermaine Gresham,ARI,TE,29,14,14,0,0,0,0,0,0,0,,0,46,33,322,9.76,2,44,,30,
231,Zay Jones,BUF,WR,22,15,10,0,0,0,0,0,0,0,,0,74,27,316,11.7,2,44,,89,
232,Corey Coleman,CLE,WR,23,9,8,0,0,0,0,0,0,0,,0,58,23,305,13.26,2,43,,91,
233,Cody Latimer,DEN,WR,25,11,1,0,0,0,0,0,0,0,,0,31,19,287,15.11,2,43,,90,
234,Coby Fleener,NOR,WR,29,11,0,0,0,0,0,0,0,0,,0,30,22,295,13.41,2,42,,95,
235,Rashard Higgins,CLE,WR,23,15,4,0,0,0,0,0,1,4,4,0,50,27,312,11.56,2,42,,94,
236,Tavarres King,NYG,WR,27,8,3,0,0,0,0,0,2,3,1.5,0,37,18,240,13.33,3,42,,92,
237,Chris Moore,BAL,WR,24,13,4,0,0,0,0,0,2,-9,-4.5,0,38,18,248,13.78,3,42,,93,
238,Nick O'Leary,BUF,TE,25,15,5,0,0,0,0,0,0,0,,0,32,22,322,14.64,2,42,,32,
239,Matt Moore,MIA,QB,33,4,2,78,127,861,4,5,3,9,3,0,0,0,0,,0,41,,41,
240,Stephen Anderson,HOU,TE,24,15,5,0,0,0,0,0,0,0,,0,52,25,342,13.68,1,40,,33,
241,Josh Gordon,CLE,WR,26,5,5,0,0,0,0,0,0,0,,0,42,18,335,18.61,1,40,,99,
242,Justin Hardy,ATL,WR,26,16,1,0,0,0,0,0,0,0,,0,29,20,221,11.05,3,40,,97,
243,Dontrelle Inman,2TM,WR,28,12,7,0,0,0,0,0,0,0,,0,44,25,343,13.72,1,40,,96,
244,Charles Sims,TAM,RB,27,16,0,0,0,0,0,0,21,95,4.52,0,47,35,249,7.11,1,40,,70,
245,Shane Vereen,NYG,RB,28,16,0,0,1,0,0,1,45,164,3.64,0,53,44,253,5.75,0,40,,71,
246,Dede Westbrook,JAX,WR,24,7,5,0,0,0,0,0,0,0,,0,51,27,339,12.56,1,40,,98,
247,Damien Williams,MIA,RB,25,11,4,0,0,0,0,0,46,181,3.93,0,28,20,155,7.75,1,40,,72,
248,Corey Grant,JAX,RB,26,16,0,0,0,0,0,0,30,248,8.27,2,4,3,41,13.67,0,39,,74,
249,Robert Kelley,WAS,RB,25,7,7,0,0,0,0,0,62,194,3.13,3,7,4,18,4.5,0,39,,73,
250,Luke Willson,SEA,TE,27,16,7,0,0,0,0,0,0,0,,0,22,15,153,10.2,4,39,,34,
251,Alfred Blue,HOU,RB,26,11,0,0,0,0,0,0,71,262,3.69,1,9,7,54,7.71,0,38,,76,
252,Kenny Britt,2TM,WR,29,12,4,0,0,0,0,0,0,0,,0,43,20,256,12.8,2,38,,101,
253,Nick Foles,PHI,QB,28,7,3,57,101,537,5,2,11,3,0.27,0,0,0,0,,0,38,,42,
254,Aldrick Robinson,SFO,WR,29,16,1,0,0,0,0,0,0,0,,0,48,19,260,13.68,2,38,,100,
255,Jacquizz Rodgers,TAM,RB,27,16,4,0,0,0,0,0,64,244,3.81,1,11,9,74,8.22,0,38,,75,
256,Ricky Seals-Jones,ARI,TE,22,10,1,0,0,0,0,0,0,0,,0,28,12,201,16.75,3,38,,35,
257,Benny Cunningham,CHI,RB,27,14,0,0,0,0,0,0,9,29,3.22,0,26,20,240,12,2,37,,78,
258,Mike Davis,SEA,RB,24,6,6,0,0,0,0,0,68,240,3.53,0,18,15,131,8.73,0,37,,77,
259,Kyle Juszczyk,SFO,RB,26,14,10,0,0,0,0,0,7,31,4.43,0,42,33,315,9.55,1,37,,79,
260,Mike Tolbert,BUF,RB,32,12,0,0,0,0,0,0,66,247,3.74,1,17,14,78,5.57,0,37,,80,
261,Malcolm Brown,LAR,RB,24,11,1,0,0,0,0,0,63,246,3.9,1,11,9,53,5.89,0,36,,81,
262,Corey Davis,TEN,WR,22,11,9,0,0,0,0,0,0,0,,0,65,34,375,11.03,0,36,,104,
263,Rhett Ellison,NYG,TE,29,16,14,0,0,0,0,0,0,0,,0,32,24,235,9.79,2,36,,39,
264,Gerald Everett,LAR,TE,23,16,2,0,0,0,0,0,1,13,13,0,32,16,244,15.25,2,36,,36,
265,Darren Fells,DET,TE,31,16,13,0,0,0,0,0,0,0,,0,26,17,177,10.41,3,36,,37,
266,Tyler Higbee,LAR,TE,24,16,16,0,0,0,0,0,0,0,,0,45,25,295,11.8,1,36,,40,
267,Johnny Holton,OAK,WR,26,16,1,0,0,0,0,0,0,0,,0,18,9,218,24.22,3,36,,102,
268,Ricardo Louis,CLE,WR,23,16,9,0,0,0,0,0,0,0,,0,61,27,357,13.22,0,36,,103,
269,Zach Miller,CHI,TE,33,8,6,0,0,0,0,0,0,0,,0,35,20,236,11.8,2,36,,38,
270,T.J. Yates,HOU,QB,30,4,3,47,97,523,4,3,5,51,10.2,0,0,0,0,,0,36,,43,
271,Tyler Boyd,CIN,WR,23,10,1,0,0,0,0,0,0,0,,0,32,22,225,10.23,2,35,,106,
272,Chester Rogers,IND,WR,23,11,4,0,0,0,0,0,3,8,2.67,0,37,23,284,12.35,1,35,,105,
273,A.J. Derby,2TM,TE,26,11,1,0,0,0,0,0,0,0,,0,40,21,244,11.62,2,34,,41,
274,Mike Glennon,CHI,QB,28,4,4,93,140,833,4,5,4,4,1,0,0,0,0,,0,34,,45,
275,Kevin Hogan,CLE,QB,25,4,1,46,75,517,4,5,10,71,7.1,0,0,0,0,,0,34,,44,
276,Wendell Smallwood,PHI,RB,23,8,3,0,0,0,0,0,47,174,3.7,1,18,13,103,7.92,0,34,,82,
277,Chris Carson,SEA,RB,23,4,3,0,0,0,0,0,49,208,4.24,0,8,7,59,8.43,1,33,,83,
278,Jordan Reed,WAS,TE,27,6,5,0,0,0,0,0,0,0,,0,35,27,211,7.81,2,33,,42,
279,Taywan Taylor,TEN,WR,22,16,4,0,0,0,0,0,8,43,5.38,0,28,16,231,14.44,1,33,,107,
280,Jakeem Grant,MIA,WR,25,16,0,0,0,0,0,0,3,12,4,0,22,13,203,15.62,2,32,,110,
281,Jordan Matthews,BUF,WR,25,10,7,0,0,0,0,0,0,0,,0,36,25,282,11.28,1,32,,108,
282,Jarius Wright,MIN,WR,28,16,0,0,0,0,0,0,0,0,,0,25,18,198,11,2,32,,109,
283,Adam Shaheen,CHI,TE,24,13,7,0,0,0,0,0,0,0,,0,14,12,127,10.58,3,31,,43,
284,Tavon Austin,LAR,WR,27,16,9,0,0,0,0,0,59,270,4.58,1,22,13,47,3.62,0,30,,113,
285,Tion Green,DET,RB,24,5,0,0,0,0,0,0,42,165,3.93,2,2,2,14,7,0,30,,84,
286,Demetrius Harris,KAN,TE,26,16,7,0,0,0,0,0,0,0,,0,35,18,224,12.44,1,30,,44,
287,Andre Holmes,BUF,WR,29,14,2,0,0,0,0,0,0,0,,0,22,13,120,9.23,3,30,,111,
288,Terrelle Pryor,WAS,WR,28,9,2,0,0,0,0,0,0,0,,0,37,20,240,12,1,30,,112,
289,Martellus Bennett,2TM,TE,30,9,7,0,0,0,0,0,0,0,,0,44,30,286,9.53,0,29,,45,
290,Mack Hollins,PHI,WR,24,16,0,0,0,0,0,0,0,0,,0,22,16,226,14.13,1,29,,114,
291,Michael Campanaro,BAL,WR,26,13,0,0,0,0,0,0,5,42,8.4,0,27,19,173,9.11,1,28,,116,
292,Elijhaa Penny,ARI,RB,24,16,0,0,0,0,0,0,31,124,4,2,6,4,38,9.5,0,28,,85,
293,Russell Shepard,CAR,WR,27,15,3,0,0,0,0,0,2,19,9.5,0,32,17,202,11.88,1,28,,115,
294,Jonnu Smith,TEN,TE,22,16,13,0,0,0,0,0,0,0,,0,30,18,157,8.72,2,28,,46,
295,Terrance West,BAL,RB,26,5,4,0,0,0,0,0,39,138,3.54,2,4,2,23,11.5,0,28,,86,
296,Kapri Bibbs,WAS,RB,24,3,0,0,0,0,0,0,21,79,3.76,0,17,14,128,9.14,1,27,,87,
297,Sam Bradford,MIN,QB,30,2,2,32,43,382,3,0,2,-3,-1.5,0,0,0,0,,0,27,,47,
298,Bryce Petty,NYJ,QB,26,4,3,55,112,544,1,3,7,55,7.86,0,0,0,0,,0,27,,46,
299,De'Anthony Thomas,KAN,WR,24,16,2,0,0,0,0,0,1,4,4,0,16,14,143,10.21,2,27,,117,
300,Kendrick Bourne,SFO,WR,22,11,0,0,0,0,0,0,0,0,,0,34,16,257,16.06,0,26,,118,
301,Jeff Heuerman,DEN,TE,25,14,6,0,0,0,0,0,0,0,,0,21,9,142,15.78,2,26,,48,
302,Lance Kendricks,GNB,TE,29,16,9,0,0,0,0,0,0,0,,0,35,18,203,11.28,1,26,,47,
303,Danny Woodhead,BAL,RB,32,8,0,0,0,0,0,0,14,56,4,0,39,33,200,6.06,0,26,,88,
304,Virgil Green,DEN,TE,29,16,16,0,0,0,0,0,0,0,,0,22,14,191,13.64,1,25,,49,
305,Vance McDonald,PIT,TE,27,10,7,0,0,0,0,0,0,0,,0,24,14,188,13.43,1,25,,51,
306,Greg Olsen,CAR,TE,32,7,7,0,0,0,0,0,0,0,,0,38,17,191,11.24,1,25,,50,
307,Damiere Byrd,CAR,WR,24,8,3,0,0,0,0,0,1,12,12,0,17,10,105,10.5,2,24,,120,
308,Alex Erickson,CIN,WR,25,16,0,0,0,0,0,0,5,16,3.2,0,16,12,180,15,1,24,,121,
309,Ryan Griffin,HOU,TE,27,7,6,0,0,0,0,0,0,0,,0,26,13,158,12.15,1,24,,53,
310,Jeremy Kerley,NYJ,WR,29,8,2,0,0,0,0,0,0,0,,0,27,22,217,9.86,1,24,,119,
311,Dion Sims,CHI,TE,26,14,14,0,0,0,0,0,0,0,,0,29,15,180,12,1,24,,52,
312,Geronimo Allison,GNB,WR,23,15,2,0,0,0,0,0,0,0,,0,39,23,253,11,0,23,,122,
313,Tommy Bohanon,JAX,RB,27,16,10,0,0,0,0,0,5,5,1,2,11,6,43,7.17,1,23,,90,
314,Eddie Lacy,SEA,RB,27,9,3,0,0,0,0,0,69,179,2.59,0,6,6,47,7.83,0,23,,91,
315,Thomas Rawls,SEA,RB,24,12,3,0,0,0,0,0,58,157,2.71,0,13,9,94,10.44,0,23,,89,
316,Nick Boyle,BAL,TE,24,15,11,0,0,0,0,0,0,0,,0,37,28,203,7.25,0,22,,54,
317,Travaris Cadet,2TM,RB,28,9,0,0,0,0,0,0,23,96,4.17,0,19,16,119,7.44,0,22,,92,
318,Braxton Miller,HOU,WR,25,11,3,0,0,0,0,0,1,1,1,0,29,19,162,8.53,1,22,,123,
319,Richard Rodgers,GNB,TE,25,15,1,0,0,0,0,0,0,0,,0,19,12,160,13.33,1,22,,55,
320,David Fales,MIA,QB,27,2,0,29,43,265,1,1,4,8,2,1,0,0,0,,0,21,,48,
321,James O'Shaughnessy,JAX,TE,25,16,1,0,0,0,0,0,0,0,,0,24,14,149,10.64,1,21,,56,
322,Demarcus Robinson,KAN,WR,23,16,8,0,0,0,0,0,0,0,,0,39,21,212,10.1,0,21,,124,
323,Phillip Dorsett,NWE,WR,24,15,2,0,0,0,0,0,1,7,7,0,18,12,194,16.17,0,20,,125,
324,Laquon Treadwell,MIN,WR,22,16,7,0,0,0,0,0,0,0,,0,35,20,200,10,0,20,,126,
325,Brent Celek,PHI,TE,32,16,10,0,0,0,0,0,0,0,,0,24,13,130,10,1,19,,58,
326,Troy Niklas,ARI,TE,25,15,11,0,0,0,0,0,0,0,,0,23,11,132,12,1,19,,57,
327,Eli Rogers,PIT,WR,25,14,4,0,0,0,0,0,0,0,,0,36,18,149,8.28,1,19,,127,
328,Chris Conley,KAN,WR,25,5,5,0,0,0,0,0,0,0,,0,16,11,175,15.91,0,18,,130,
329,Louis Murphy,SFO,WR,30,7,7,0,0,0,0,0,0,0,,0,17,8,121,15.13,1,18,,128,
330,Curtis Samuel,CAR,WR,21,9,4,0,0,0,0,0,4,64,16,0,26,15,115,7.67,0,18,,129,
331,Levine Toilolo,ATL,TE,26,15,12,0,0,0,0,0,0,0,,0,14,12,122,10.17,1,18,,60,
332,Eric Tomlinson,NYJ,TE,25,14,12,0,0,0,0,0,0,0,,0,11,8,121,15.13,1,18,,61,
333,Nick Vannett,SEA,TE,24,15,4,0,0,0,0,0,0,0,,0,15,12,124,10.33,1,18,,59,
334,Kenjon Barner,PHI,RB,27,13,1,0,0,0,0,0,16,57,3.56,1,8,5,56,11.2,0,17,,93,
335,Anthony Fasano,MIA,TE,33,16,6,0,0,0,0,0,0,0,,0,16,12,107,8.92,1,17,,62,
336,Tommylee Lewis,NOR,WR,25,15,0,0,0,0,0,0,2,14,7,0,14,10,116,11.6,1,17,,131,
337,Stevan Ridley,PIT,RB,28,2,1,0,0,0,0,0,26,108,4.15,1,0,0,0,,0,17,,95,
338,Robert Turbin,IND,RB,28,6,1,0,0,0,0,0,23,53,2.3,1,11,9,56,6.22,0,17,,94,
339,Cameron Artis-Payne,CAR,RB,27,13,0,0,0,0,0,0,18,95,5.28,1,1,1,2,2,0,16,,96,
340,Chris Johnson,ARI,RB,32,4,3,0,0,0,0,0,45,114,2.53,0,6,5,43,8.6,0,16,,97,
341,Jaydon Mickens,JAX,WR,23,10,0,0,0,0,0,0,0,0,,0,11,6,77,12.83,2,16,,133,
342,David Morgan,MIN,TE,24,15,6,0,0,0,0,0,0,0,,0,12,10,95,9.5,1,16,,63,
343,Josh Reynolds,LAR,WR,22,16,1,0,0,0,0,0,0,0,,0,24,11,104,9.45,1,16,,132,
344,Dwayne Allen,NWE,TE,27,16,8,0,0,0,0,0,0,0,,0,22,10,86,8.6,1,15,,66,
345,D.J. Foster,ARI,RB,24,7,0,0,0,0,0,0,6,19,3.17,0,28,17,133,7.82,0,15,,98,
346,James Hanna,DAL,TE,28,16,8,0,0,0,0,0,0,0,,0,9,4,88,22,1,15,,65,
347,Paxton Lynch,DEN,QB,23,2,2,30,45,295,2,3,5,30,6,0,0,0,0,,0,15,,49,
348,Brandon Marshall,NYG,WR,33,5,5,0,0,0,0,0,0,0,,0,33,18,154,8.56,0,15,,134,
349,Anthony Sherman,KAN,RB,29,16,3,0,0,0,0,0,14,40,2.86,1,8,6,47,7.83,0,15,,99,
350,C.J. Uzomah,CIN,TE,24,14,4,0,0,0,0,0,0,0,,0,15,10,92,9.2,1,15,,64,
351,James Conner,PIT,RB,22,14,0,0,0,0,0,0,32,144,4.5,0,1,0,0,,0,14,,100,
352,C.J. Ham,MIN,RB,24,16,1,0,0,0,0,0,7,13,1.86,1,8,7,68,9.71,0,14,,101,
353,Darrius Heyward-Bey,PIT,WR,30,16,0,0,0,0,0,0,2,32,16,1,3,2,47,23.5,0,14,,138,
354,Josh Hill,NOR,TE,27,16,11,0,0,0,0,0,1,-8,-8,0,22,16,125,7.81,1,14,,67,
355,EJ Manuel,OAK,QB,27,2,1,24,43,265,1,1,2,15,7.5,0,0,0,0,,0,14,,50,
356,Tre McBride,CHI,WR,25,8,3,0,0,0,0,0,0,0,,0,15,8,144,18,0,14,,135,
357,Jamize Olawale,OAK,RB,28,12,0,0,0,0,0,0,9,43,4.78,1,7,6,33,5.5,0,14,,102,
358,Paul Perkins,NYG,RB,23,11,4,0,0,0,0,0,41,90,2.2,0,10,8,46,5.75,0,14,,103,
359,Brandon Tate,BUF,WR,30,13,1,0,0,0,0,0,0,0,,0,14,6,81,13.5,1,14,,137,
360,Jordan Taylor,DEN,WR,25,10,2,0,0,0,0,0,0,0,,0,20,13,142,10.92,0,14,,136,
361,Kamar Aiken,IND,WR,28,15,7,0,0,0,0,0,0,0,,0,44,15,133,8.87,0,13,,139,
362,Brenton Bersin,CAR,WR,27,8,1,0,0,0,0,0,0,0,,0,14,8,128,16,0,13,,142,
363,Daniel Brown,CHI,WR,25,14,2,0,0,0,0,0,0,0,,0,20,13,129,9.92,0,13,,141,
364,C.J. Fiedorowicz,HOU,TE,26,5,5,0,0,0,0,0,0,0,,0,22,14,127,9.07,0,13,,69,
365,Jeremy Hill,CIN,RB,25,7,7,0,0,0,0,0,37,116,3.14,0,4,4,16,4,0,13,,104,
366,Josh Malone,CIN,WR,21,11,7,0,0,0,0,0,2,2,1,0,17,6,63,10.5,1,13,,143,
367,Roosevelt Nix,PIT,RB,25,16,4,0,0,0,0,0,3,0,0,1,3,2,6,3,1,13,,105,
368,Logan Thomas,BUF,TE,26,12,2,0,0,0,0,0,0,0,,0,9,7,67,9.57,1,13,,68,
369,Fozzy Whittaker,CAR,RB,28,12,0,0,0,0,0,0,7,18,2.57,0,6,5,47,9.4,1,13,,106,
370,Maxx Williams,BAL,WR,23,11,8,0,0,0,0,0,2,6,3,0,18,15,86,5.73,1,13,,140,
371,Marvin Hall,ATL,WR,24,8,0,0,0,0,0,0,0,0,,0,9,2,60,30,1,12,,146,
372,Maurice Harris,WAS,WR,25,6,0,0,0,0,0,0,0,0,,0,6,4,62,15.5,1,12,,144,
373,Ryan Mallett,BAL,QB,29,2,0,9,16,56,2,0,4,-3,-0.75,0,0,0,0,,0,12,,51,
374,Travis Rudolph,NYG,WR,22,7,1,0,0,0,0,0,0,0,,0,21,8,101,12.63,0,12,,145,
375,Terron Ward,ATL,RB,25,14,0,0,0,0,0,0,30,129,4.3,0,3,3,14,4.67,0,12,,107,
376,Brandon Williams,IND,TE,30,14,10,0,0,0,0,0,0,0,,0,17,13,121,9.31,0,12,,70,
377,Lance Dunbar,LAR,RB,27,4,0,0,0,0,0,0,11,51,4.64,1,3,1,1,1,0,11,,109,
378,Trey Edmunds,NOR,RB,23,16,0,0,0,0,0,0,9,48,5.33,1,0,0,0,,0,11,,113,
379,De'Angelo Henderson,DEN,RB,25,5,0,0,0,0,0,0,7,13,1.86,0,2,2,36,18,1,11,,112,
380,Michael Hoomanawanui,NOR,TE,29,14,10,0,0,0,0,0,0,0,,0,10,6,52,8.67,1,11,,71,
381,Andy Janovich,DEN,RB,24,16,4,0,0,0,0,0,6,12,2,1,6,4,35,8.75,0,11,,114,
382,Branden Oliver,LAC,RB,26,8,0,0,0,0,0,0,35,83,2.37,0,11,6,26,4.33,0,11,,111,
383,C.J. Prosise,SEA,RB,23,5,0,0,0,0,0,0,11,23,2.09,0,11,6,87,14.5,0,11,,110,
384,Hunter Sharp,2TM,WR,23,3,1,0,0,0,0,0,0,0,,0,9,5,54,10.8,1,11,,147,
385,Darren Sproles,PHI,RB,34,3,0,0,0,0,0,0,15,61,4.07,0,12,7,73,10.43,0,11,,108,
386,ArDarius Stewart,NYJ,WR,24,15,2,0,0,0,0,0,7,27,3.86,0,13,6,82,13.67,0,11,,148,
387,Zach Line,NOR,RB,27,12,4,0,0,0,0,0,7,28,4,0,5,2,8,4,1,10,,115,
388,Patrick Mahomes,KAN,QB,22,1,1,22,35,284,0,1,7,10,1.43,0,0,0,0,,0,10,,53,
389,Freddie Martino,TAM,WR,26,8,0,0,0,0,0,0,0,0,,0,6,5,96,19.2,0,10,,151,
390,Niles Paul,WAS,WR,28,14,8,0,0,0,0,0,2,4,2,0,19,13,94,7.23,0,10,,149,
391,Nathan Peterman,BUF,QB,23,4,2,24,49,252,2,5,7,23,3.29,0,0,0,0,,0,10,,52,
392,Geno Smith,NYG,QB,27,2,1,21,36,212,1,0,4,12,3,0,0,0,0,,0,10,,54,
393,Jaelen Strong,2TM,WR,23,2,0,0,0,0,0,0,0,0,,0,4,3,38,12.67,1,10,,150,
394,Phillip Supernaw,TEN,TE,27,16,3,0,0,0,0,0,0,0,,0,6,4,39,9.75,1,10,,73,
395,Austin Traylor,DEN,TE,24,7,3,0,0,0,0,0,0,0,,0,13,8,100,12.5,0,10,,72,
396,Mike Williams,LAC,WR,23,10,1,0,0,0,0,0,0,0,,0,23,11,95,8.64,0,10,,152,
397,Jerell Adams,NYG,WR,25,16,1,0,0,0,0,0,0,0,,0,11,8,92,11.5,0,9,,157,
398,Kaelin Clay,2TM,WR,25,13,2,0,0,0,0,0,3,27,9,0,19,6,85,14.17,0,9,,155,
399,Xavier Grimble,PIT,WR,25,15,2,0,0,0,0,0,0,0,,0,9,5,32,6.4,1,9,,156,
400,Chad Hansen,NYJ,WR,22,15,1,0,0,0,0,0,0,0,,0,17,9,94,10.44,0,9,,153,
401,Landry Jones,PIT,QB,28,3,1,23,28,239,1,1,8,-10,-1.25,0,0,0,0,,0,9,,55,
402,Luke Stocker,2TM,TE,29,12,5,0,0,0,0,0,0,0,,0,5,4,30,7.5,1,9,,74,
403,Mike Thomas,LAR,WR,23,8,1,0,0,0,0,0,0,0,,0,7,5,93,18.6,0,9,,154,
404,Jesus Wilson,TAM,WR,22,3,1,0,0,0,0,0,3,8,2.67,0,1,1,18,18,1,9,,158,
405,Zach Zenner,DET,RB,26,8,0,0,0,0,0,0,14,26,1.86,1,1,0,0,,0,9,,116,
406,Trevor Davis,GNB,WR,24,16,0,0,0,0,0,0,2,13,6.5,0,7,5,70,14,0,8,,162,
407,Michael Floyd,MIN,WR,28,11,1,0,0,0,0,0,0,0,,0,17,10,78,7.8,0,8,,164,
408,Justin Hunter,PIT,WR,26,7,1,0,0,0,0,0,0,0,,0,10,4,23,5.75,1,8,,161,
409,Breshad Perriman,BAL,WR,24,11,3,0,0,0,0,0,0,0,,0,35,10,77,7.7,0,8,,165,
410,Brian Quick,WAS,WR,28,11,1,0,0,0,0,0,0,0,,0,8,6,76,12.67,0,8,,166,
411,Lee Smith,OAK,TE,30,16,9,0,0,0,0,0,0,0,,0,11,8,76,9.5,0,8,,77,
412,Neal Sterling,NYJ,WR,25,11,1,0,0,0,0,0,0,0,,0,10,6,82,13.67,0,8,,163,
413,Nate Sudfeld,PHI,QB,24,1,0,19,23,134,0,0,1,22,22,0,0,0,0,,0,8,,56,
414,Chris Thompson,HOU,WR,23,13,0,0,0,0,0,0,0,0,,0,6,5,84,16.8,0,8,,160,
415,Ross Travis,2TM,TE,24,15,3,0,0,0,0,0,0,0,,0,17,7,76,10.86,0,8,,76,
416,Clive Walford,OAK,TE,26,13,0,0,0,0,0,0,0,0,,0,13,9,80,8.89,0,8,,75,
417,Kasen Williams,CLE,WR,25,7,2,0,0,0,0,0,0,0,,0,18,9,84,9.33,0,8,,159,
418,Brandon Bolden,NWE,RB,27,16,0,0,0,0,0,0,13,67,5.15,0,4,1,7,7,0,7,,117,
419,Derek Carrier,LAR,WR,27,14,3,0,0,0,0,0,0,0,,0,11,8,71,8.88,0,7,,171,
420,Leonte Carroo,MIA,WR,23,14,0,0,0,0,0,0,0,0,,0,12,7,69,9.86,0,7,,175,
421,Sammie Coates,CLE,WR,24,12,1,0,0,0,0,0,0,0,,0,11,6,70,11.67,0,7,,172,
422,Pharoh Cooper,LAR,WR,22,16,1,0,0,0,0,0,1,6,6,0,19,11,84,7.64,0,7,,173,
423,Amara Darboh,SEA,WR,23,16,0,0,0,0,0,0,0,0,,0,13,8,71,8.88,0,7,,170,
424,Brittan Golden,ARI,WR,29,13,0,0,0,0,0,0,0,0,,0,9,5,70,14,0,7,,174,
425,Brian Hill,2TM,RB,22,7,0,0,0,0,0,0,11,37,3.36,0,2,2,36,18,0,7,,118,
426,David Johnson,ARI,RB,26,1,1,0,0,0,0,0,11,23,2.09,0,9,6,67,11.17,0,7,,119,
427,Tre Madden,SEA,RB,24,8,3,0,0,0,0,0,0,0,,0,2,2,65,32.5,0,7,,122,
428,Byron Marshall,WAS,RB,23,4,0,0,0,0,0,0,9,32,3.56,0,8,6,36,6,0,7,,121,
429,Tanner McEvoy,SEA,WR,24,15,0,0,1,0,0,1,0,0,,0,9,5,113,22.6,0,7,,167,
430,Marcus Murphy,BUF,RB,26,1,0,0,0,0,0,0,7,41,5.86,0,2,2,7,3.5,0,7,,120,
431,Willie Snead,NOR,WR,25,11,7,0,0,0,0,0,0,0,,0,16,8,92,11.5,0,7,,169,
432,Jeremy Sprinkle,WAS,WR,23,11,5,0,0,0,0,0,0,0,,0,3,2,13,6.5,1,7,,168,
433,Bryce Treggs,CLE,WR,23,6,1,0,0,0,0,0,1,6,6,0,18,5,79,15.8,0,7,,176,
434,Alan Cross,TAM,TE,24,8,4,0,0,0,0,0,0,0,,0,6,5,58,11.6,0,6,,79,
435,Jalston Fowler,TEN,RB,27,10,1,0,0,0,0,0,2,4,2,1,1,0,0,,0,6,,123,
436,Ben Koyack,JAX,TE,24,16,3,0,0,0,0,0,0,0,,0,7,5,38,7.6,0,6,,78,
437,Vince Mayle,BAL,WR,26,16,0,0,0,0,0,0,2,2,1,1,1,0,0,,0,6,,178,
438,Dwayne Washington,DET,RB,23,5,0,0,0,0,0,0,20,44,2.2,0,2,2,14,7,0,6,,125,
439,Derek Watt,LAC,RB,25,16,4,0,0,0,0,0,6,24,4,0,3,2,35,17.5,0,6,,124,
440,Chad Williams,ARI,WR,23,6,1,0,0,0,0,0,2,33,16.5,0,7,3,31,10.33,0,6,,177,
441,Orson Charles,KAN,TE,26,5,0,0,0,0,0,0,0,0,,0,2,2,53,26.5,0,5,,80,
442,Tyler Eifert,CIN,TE,27,2,0,0,0,0,0,0,0,0,,0,5,4,46,11.5,0,5,,82,
443,Tyler Ervin,HOU,RB,24,4,0,0,0,0,0,0,4,12,3,0,11,8,38,4.75,0,5,,128,
444,Jacob Hollister,NWE,TE,24,15,1,0,0,0,0,0,1,5,5,0,11,4,42,10.5,0,5,,81,
445,Akeem Hunt,KAN,RB,24,15,0,0,0,0,0,0,8,23,2.88,0,7,4,31,7.75,0,5,,126,
446,Sean Mannion,LAR,QB,25,5,1,22,37,185,0,0,9,-2,-0.22,0,0,0,0,,0,5,,57,
447,Sean McGrath,LAC,TE,30,15,6,0,0,0,0,0,0,0,,0,4,4,46,11.5,0,5,,83,
448,Ifeanyi Momah,ARI,TE,28,9,2,0,0,0,0,0,0,0,,0,2,1,46,46,0,5,,85,
449,Aaron Ripkowski,GNB,RB,25,16,2,0,0,0,0,0,5,13,2.6,0,10,7,39,5.57,0,5,,127,
450,Michael Roberts,DET,TE,23,15,3,0,0,0,0,0,0,0,,0,7,4,46,11.5,0,5,,84,
451,Joe Webb,BUF,QB,31,16,0,2,7,35,0,1,8,54,6.75,0,0,0,0,,0,5,,58,
452,Markus Wheaton,CHI,WR,26,11,0,0,0,0,0,0,0,0,,0,17,3,51,17,0,5,,179,
453,Jared Abbrederis,DET,WR,27,7,0,0,0,0,0,0,0,0,,0,7,3,44,14.67,0,4,,180,
454,Blake Bell,MIN,TE,26,13,3,0,0,0,0,0,0,0,,0,4,3,19,6.33,0,4,,86,
455,Quan Bray,IND,WR,24,9,0,0,0,0,0,0,0,0,,0,4,3,39,13,0,4,,182,
456,Mack Brown,2TM,RB,26,4,0,0,0,0,0,0,8,29,3.63,0,1,1,11,11,0,4,,131,
457,Michael Clark,GNB,WR,22,2,0,0,0,0,0,0,0,0,,0,14,4,41,10.25,0,4,,181,
458,Matthew Dayes,CLE,RB,23,16,0,0,0,0,0,0,5,13,2.6,0,5,4,29,7.25,0,4,,130,
459,James Develin,NWE,TE,29,16,7,0,0,0,0,0,0,0,,0,10,6,38,6.33,0,4,,87,
460,Tanner Gentry,CHI,WR,23,4,3,0,0,0,0,0,0,0,,0,6,3,35,11.67,0,4,,184,
461,Bernard Reedy,2TM,WR,26,11,0,0,0,0,0,0,3,17,5.67,0,2,2,21,10.5,0,4,,183,
462,Randall Telfer,CLE,TE,25,16,14,0,0,0,0,0,0,0,,0,4,3,36,12,0,4,,89,
463,Lawrence Thomas,NYJ,RB,24,14,4,0,0,0,0,0,2,1,0.5,0,7,6,43,7.17,0,4,,129,
464,Will Tye,NYJ,TE,26,3,1,0,0,0,0,0,0,0,,0,6,4,38,9.5,0,4,,88,
465,Antony Auclair,TAM,WR,24,8,3,0,0,0,0,0,0,0,,0,2,2,25,12.5,0,3,,190,
466,Noah Brown,DAL,WR,21,13,1,0,0,0,0,0,0,0,,0,9,4,33,8.25,0,3,,186,
467,Emanuel Byrd,GNB,TE,23,1,0,0,0,0,0,0,0,0,,0,2,2,31,15.5,0,3,,90,
468,Derrick Coleman,ATL,RB,27,16,7,0,0,0,0,0,2,8,4,0,7,2,20,10,0,3,,135,
469,Darrell Daniels,IND,TE,23,12,3,0,0,0,0,0,0,0,,0,13,3,26,8.67,0,3,,91,
470,Patrick DiMarco,BUF,RB,28,16,9,0,0,0,0,0,2,-2,-1,0,10,7,28,4,0,3,,137,
471,Marcus Johnson,PHI,WR,23,10,0,0,0,0,0,0,0,0,,0,8,5,45,9,0,3,,192,
472,Cody Kessler,CLE,QB,24,3,0,11,23,126,0,1,1,-1,-1,0,0,0,0,,0,3,,59,
473,Jordan Leslie,CLE,WR,26,2,0,0,0,0,0,0,0,0,,0,1,1,26,26,0,3,,188,
474,Chris Matthews,BAL,WR,28,6,0,0,0,0,0,0,0,0,,0,6,3,25,8.33,0,3,,191,
475,A.J. McCarron,CIN,QB,27,3,0,7,14,66,0,0,0,0,,0,0,0,0,,0,3,,60,
476,Jojo Natson,NYJ,WR,23,7,0,0,0,0,0,0,1,15,15,0,5,2,18,9,0,3,,185,
477,Senorise Perry,MIA,RB,26,16,0,0,0,0,0,0,8,30,3.75,0,1,1,3,3,0,3,,133,
478,Jay Prosch,HOU,RB,25,16,5,0,0,0,0,0,0,0,,0,4,4,31,7.75,0,3,,134,
479,De'Veon Smith,MIA,RB,23,5,0,0,0,0,0,0,0,0,,0,3,3,27,9,0,3,,136,
480,Keith Smith,DAL,RB,25,16,3,0,0,0,0,0,0,0,,0,5,5,26,5.2,0,3,,138,
481,Geoff Swaim,DAL,TE,24,15,2,0,0,0,0,0,0,0,,0,2,2,25,12.5,0,3,,92,
482,Ryan Switzer,DAL,WR,23,16,0,0,0,0,0,0,4,5,1.25,0,7,6,41,6.83,0,3,,189,
483,Fitzgerald Toussaint,PIT,RB,27,6,0,0,0,0,0,0,6,25,4.17,0,3,2,9,4.5,0,3,,132,
484,Andre Williams,LAC,RB,25,8,0,0,0,0,0,0,9,25,2.78,0,0,0,0,,0,3,,139,
485,Nick Williams,ATL,WR,27,1,0,0,0,0,0,0,0,0,,0,4,3,30,10,0,3,,187,
486,Michael Burton,CHI,RB,25,16,3,0,0,0,0,0,4,9,2.25,0,4,2,8,4,0,2,,145,
487,Matt Cassel,TEN,QB,35,2,1,25,42,162,1,2,0,0,,0,0,0,0,,0,2,,61,
488,Jehu Chesson,KAN,WR,24,12,1,0,0,0,0,0,0,0,,0,4,2,18,9,0,2,,195,
489,Josh Ferguson,IND,RB,24,10,0,0,0,0,0,0,1,5,5,0,4,3,16,5.33,0,2,,142,
490,David Fluellen,TEN,RB,25,16,0,0,0,0,0,0,4,21,5.25,0,1,0,0,,0,2,,141,
491,MarQueis Gray,MIA,TE,28,16,0,0,1,0,0,0,5,14,2.8,0,3,1,10,10,0,2,,93,
492,Ryan Hewitt,CIN,RB,26,13,4,0,0,0,0,0,0,0,,0,2,2,22,11,0,2,,140,
493,Cole Hikutini,SFO,TE,23,4,0,0,0,0,0,0,0,0,,0,3,2,15,7.5,0,2,,95,
494,Chris Manhertz,CAR,TE,25,16,4,0,0,0,0,0,0,0,,0,4,2,17,8.5,0,2,,94,
495,Bobby Rainey,BAL,RB,30,4,0,0,0,0,0,0,1,2,2,0,7,5,18,3.6,0,2,,143,
496,Allen Robinson,JAX,WR,24,1,1,0,0,0,0,0,0,0,,0,1,1,17,17,0,2,,196,
497,Dan Vitale,CLE,RB,24,15,6,0,0,0,0,0,0,0,,0,5,3,19,6.33,0,2,,144,
498,Griff Whalen,BAL,WR,27,2,0,0,0,0,0,0,0,0,,0,6,4,23,5.75,0,2,,194,
499,DeAndrew White,HOU,WR,26,2,1,0,0,0,0,0,0,0,,0,7,1,24,24,0,2,,193,
500,Arrelious Benn,JAX,WR,29,9,0,0,0,0,0,0,0,0,,0,2,1,12,12,0,1,,199,
501,LeShun Daniels,WAS,RB,22,4,0,0,0,0,0,0,3,14,4.67,0,0,0,0,,0,1,,147,
502,Harry Douglas,TEN,WR,33,2,0,0,0,0,0,0,0,0,,0,3,1,8,8,0,1,,201,
503,Shelton Gibson,PHI,WR,22,5,0,0,0,0,0,0,0,0,,0,3,2,11,5.5,0,1,,200,
504,Cobi Hamilton,HOU,WR,27,3,1,0,0,0,0,0,0,0,,0,6,1,8,8,0,1,,202,
505,Taylor Heinicke,HOU,QB,24,1,0,1,1,10,0,0,1,2,2,0,0,0,0,,0,1,,65,
506,Jeff Janis,GNB,WR,26,16,0,0,0,0,0,0,0,0,,0,5,2,12,6,0,1,,198,
507,Matt Jones,IND,RB,24,5,0,0,0,0,0,0,5,14,2.8,0,0,0,0,,0,1,,146,
508,Taiwan Jones,BUF,RB,29,8,0,0,0,0,0,0,0,0,,0,2,1,11,11,0,1,,148,
509,Raheem Mostert,SFO,RB,25,11,0,0,0,0,0,0,6,30,5,0,0,0,0,,0,1,,149,
510,Larry Pinkard,JAX,WR,25,4,0,0,0,0,0,0,0,0,,0,1,1,5,5,0,1,,204,
511,Darius Powe,NYG,WR,23,1,1,0,0,0,0,0,0,0,,0,4,2,13,6.5,0,1,,197,
512,Jake Rudock,DET,QB,24,3,0,3,5,24,0,1,0,0,,0,0,0,0,,0,1,,64,
513,Cooper Rush,DAL,QB,24,2,0,1,3,2,0,0,2,13,6.5,0,0,0,0,,0,1,,62,
514,Scott Tolzien,IND,QB,30,1,1,9,18,128,0,2,2,2,1,0,0,0,0,,0,1,,63,
515,Terrell Watson,PIT,RB,24,10,0,0,0,0,0,0,5,8,1.6,0,0,0,0,,0,1,,150,
516,Eric Weems,TEN,WR,32,16,0,0,0,0,0,0,1,0,0,0,2,1,5,5,0,1,,205,
517,Kevin White,CHI,WR,25,1,1,0,0,0,0,0,0,0,,0,4,2,6,3,0,1,,203,
518,Derek Anderson,CAR,QB,34,3,0,2,8,17,0,0,2,-2,-1,0,0,0,0,,0,,,66,
519,Joe Banyard,BUF,,29,3,0,0,0,0,0,0,0,0,,0,0,0,0,,0,,,155,
520,Evan Baylis,HOU,,24,1,0,0,0,0,0,0,0,0,,0,0,0,0,,0,,,113,
521,Victor Bolden,SFO,,22,9,0,0,0,0,0,0,0,0,,0,0,0,0,,0,,,214,
522,Ben Braunecker,CHI,,23,8,0,0,0,0,0,0,0,0,,0,0,0,0,,0,,,100,
523,Joe Callahan,GNB,QB,24,1,0,5,7,11,0,0,0,0,,0,0,0,0,,0,,,67,
524,Cethan Carter,CIN,,24,16,0,0,0,0,0,0,0,0,,0,0,0,0,,0,,,102,
525,Stacy Coley,MIN,,23,4,0,0,0,0,0,0,0,0,,0,0,0,0,,0,,,215,
526,Cody Core,CIN,,23,13,0,0,0,0,0,0,0,0,,0,4,0,0,,0,,,210,
527,Sean Culkin,LAC,,24,1,0,0,0,0,0,0,0,0,,0,0,0,0,,0,,,106,
528,Jeff Cumberland,LAC,TE,30,7,3,0,0,0,0,0,0,0,,0,3,2,2,1,0,,,98,
529,Chase Daniel,NOR,QB,31,1,0,0,0,0,0,0,3,-2,-0.67,0,0,0,0,,0,,,70,
530,Austin Davis,SEA,QB,28,3,0,0,0,0,0,0,1,-1,-1,0,0,0,0,,0,,,69,
531,Geremy Davis,LAC,,25,2,0,0,0,0,0,0,0,0,,0,0,0,0,,0,,,211,
532,Justin Davis,LAR,RB,22,4,0,0,0,0,0,0,1,1,1,0,0,0,0,,0,,,153,
533,Jim Dray,ARI,,31,1,0,0,0,0,0,0,0,0,,0,0,0,0,,0,,,105,
534,Gavin Escobar,BAL,,26,2,0,0,0,0,0,0,0,0,,0,0,0,0,,0,,,99,
535,Garrett Griffin,NOR,TE,23,3,0,0,0,0,0,0,0,0,,0,1,1,4,4,0,,,96,
536,Justin Hardee,NOR,,23,14,0,0,0,0,0,0,0,0,,0,0,0,0,,0,,,216,
537,Clark Harris,CIN,,33,16,0,0,0,0,0,0,0,0,,0,0,0,0,,0,,,108,
538,Matt Hazel,IND,WR,25,4,0,0,0,0,0,0,0,0,,0,1,1,1,1,0,,,208,
539,Bronson Hill,ARI,RB,24,2,0,0,0,0,0,0,1,-2,-2,0,0,0,0,,0,,,159,
540,Andy Jones,2TM,,23,3,0,0,0,0,0,0,0,0,,0,0,0,0,,0,,,212,
541,Joe Kerridge,GNB,RB,25,4,0,0,0,0,0,0,0,0,,0,1,1,3,3,0,,,151,
542,John Kuhn,NOR,RB,35,2,1,0,0,0,0,0,1,2,2,0,0,0,0,,0,,,152,
543,Matt LaCosse,2TM,,25,5,1,0,0,0,0,0,0,0,,0,1,0,0,,0,,,114,
544,Daniel Lasco,NOR,,25,3,0,0,0,0,0,0,0,0,,0,0,0,0,,0,,,158,
545,Khari Lee,BUF,,25,8,0,0,0,0,0,0,0,0,,0,0,0,0,,0,,,103,
546,Terrence Magee,ATL,,24,2,0,0,0,0,0,0,0,0,,0,0,0,0,,0,,,156,
547,Ryan Malleck,HOU,TE,24,2,0,0,0,0,0,0,0,0,,0,1,1,3,3,0,,,97,
548,Bradley Marquez,DET,,25,1,0,0,0,0,0,0,0,0,,0,0,0,0,,0,,,213,
549,Max McCaffrey,JAX,WR,23,5,0,0,0,0,0,0,0,0,,0,1,1,4,4,0,,,206,
550,Colt McCoy,WAS,,31,1,0,0,0,0,0,0,0,0,,0,0,0,0,,0,,,68,
551,Darren McFadden,DAL,RB,30,1,0,0,0,0,0,0,1,-2,-2,0,0,0,0,,0,,,160,
552,Ryan O'Malley,NYG,,24,1,0,0,0,0,0,0,0,0,,0,0,0,0,,0,,,109,
553,Logan Paulsen,SFO,,30,14,1,0,0,0,0,0,0,0,,0,2,0,0,,0,,,110,
554,Charone Peake,NYJ,WR,25,3,0,0,0,0,0,0,0,0,,0,1,1,3,3,0,,,207,
555,John Phillips,NOR,,30,1,0,0,0,0,0,0,0,0,,0,0,0,0,,0,,,107,
556,MyCole Pruitt,HOU,,25,1,0,0,0,0,0,0,0,0,,0,0,0,0,,0,,,101,
557,Eric Saubert,ATL,,23,14,0,0,0,0,0,0,0,0,,0,0,0,0,,0,,,104,
558,Matt Slater,NWE,,32,9,0,0,0,0,0,0,0,0,,0,0,0,0,,0,,,209,
559,Nate Solder,NWE,,29,16,16,0,0,0,0,0,0,0,,0,0,0,0,,0,,,111,
560,C.J. Spiller,KAN,RB,30,1,0,0,0,0,0,0,2,0,0,0,2,0,0,,0,,,154,
561,Jordan Todman,HOU,,27,14,0,0,0,0,0,0,0,0,,0,0,0,0,,0,,,157,
562,Hakeem Valles,DET,,25,1,0,0,0,0,0,0,0,0,,0,0,0,0,,0,,,112,
563,Kellen Clemens,LAC,QB,34,8,0,6,8,36,0,1,5,-5,-1,0,0,0,0,,0,-1,,72,
564,Chad Henne,JAX,QB,32,2,0,0,2,0,0,0,5,-5,-1,0,0,0,0,,0,-1,,71,
565,Isaiah McKenzie,DEN,WR,22,11,0,0,0,0,0,0,1,4,4,0,13,4,29,7.25,0,-1,,217,
566,Kalif Raymond,2TM,WR,23,8,0,0,0,0,0,0,1,-1,-1,0,1,1,12,12,0,-1,,220,
567,Andre Roberts,ATL,WR,29,16,0,0,0,0,0,0,0,0,,0,4,1,12,12,0,-1,,218,
568,John Ross,CIN,WR,23,3,1,0,0,0,0,0,1,12,12,0,2,0,0,,0,-1,,219,
569,Tyler Bray,KAN,QB,26,1,0,0,1,0,0,0,1,0,0,0,0,0,0,,0,-2,,73,
570,Teddy Bridgewater,MIN,QB,25,1,0,0,2,0,0,1,3,-3,-1,0,0,0,0,,0,-2,,74,
571,Matt Haack,MIA,WR,23,16,0,0,1,0,0,1,0,0,,0,0,0,0,,0,-2,,221,
572,Devante Mays,GNB,RB,23,8,0,0,0,0,0,0,4,1,0.25,0,3,3,0,0,0,-2,,161,